LOAN,MORTDUE,VALUE,REASON,JOB,YOJ,DEROG,DELINQ,CLAGE,NINQ,CLNO,DEBTINC,Proba,Score
25100,41314,71357,DebtCon,Office,19,0,0,183.6314283,1,22,33.66553412,0.107708222,535.16
19600,33284,61824,DebtCon,Other,14,0,0,119.4730729,1,17,37.78452367,0.13626548,525.51
11000,54641,65705,DebtCon,Other,5,0,0,323.1929276,0,10,33.29962839,0.092641303,541.2
9600,45240,60136,DebtCon,Other,2,0,1,83.06675091,0,19,38.45430002,0.228112292,502.87
16200,81933,131208,DebtCon,ProfExe,13,0,0,308.5320272,0,19,29.60368375,0.086271315,544.02
28300,71973,119224,DebtCon,Other,4,0,0,89.37995232,2,32,39.98105906,0.157747566,519.32
65500,205156,290239,DebtCon,ProfExe,2,0,0,98.80820562,1,21,144.1890013,0.135378697,525.78
27000,60631,86091,DebtCon,Other,24,0,2,200.1414536,1,20,26.24875663,0.228273113,502.84
6400,70035,78635,DebtCon,Sales,3,0,0,147.0771635,0,31,31.20612976,0.133807162,526.27
23700,43712,75191,DebtCon,Office,6,0,0,50.71753483,2,18,37.10325125,0.17512456,514.8
24400,93411,140031,HomeImp,ProfExe,6,0,0,177.5112494,0,32,31.02733592,0.113776724,532.94
8700,76510,108130,DebtCon,Office,2,0,0,252.8439282,1,37,17.41485961,0.107887984,535.1
26300,52296,91041,DebtCon,Other,24,1,2,193.8537132,0,19,24.89378113,0.321909076,485.77
8600,22960,80874,HomeImp,ProfExe,20,0,0,238.7026834,0,11,25.8873199,0.100914654,537.79
15200,49428,62696,DebtCon,Mgr,27,0,0,265.3953128,1,16,38.50079645,0.086266108,544.03
13900,96326,144668,HomeImp,ProfExe,15,0,0,142.0379034,5,21,34.12275351,0.178789453,513.89
33700,73877,124834,DebtCon,Mgr,10,0,0,68.48269459,0,34,25.96045509,0.125792979,528.83
11300,62568,79009,HomeImp,Office,4,0,3,295.3346697,0,19,28.60025223,0.309233979,487.89
10800,80203,98731,DebtCon,Other,4,0,0,113.4251457,2,31,41.47407381,0.157910325,519.28
3700,17857,21144,HomeImp,Other,5,0,0,129.7173231,1,9,26.63434752,0.156262923,519.72
14800,16448,38774,DebtCon,Office,7,0,0,91.00553985,0,16,19.24035126,0.142433308,523.65
6600,68733,81973,HomeImp,Other,5,0,0,96.9776672,0,14,42.21104678,0.149653238,521.56
31500,10879,58089,DebtCon,Other,0,0,0,94.24803572,0,5,38.66240227,0.152060214,520.89
27600,74964,118507,DebtCon,Other,5,0,0,91.7112462,1,32,39.14675577,0.144194755,523.14
26600,148986,175750,DebtCon,Other,1,0,0,197.3917133,0,35,40.51498958,0.108085201,535.02
18800,96272,163250,DebtCon,Mgr,2,0,0,204.4925859,1,19,37.86835539,0.121467145,530.27
10600,39061,50225,DebtCon,Other,15,0,0,77.11428511,0,12,32.58746565,0.141950596,523.8
14500,38986,49970,HomeImp,Other,1,8,1,220.917262,0,17,47.91452111,0.940560078,359.3
10800,61767,72668,DebtCon,ProfExe,15,0,0,228.9854532,3,32,37.91433471,0.12411951,529.38
19800,69174,95154,HomeImp,ProfExe,6,0,0,59.45925619,0,16,31.25482163,0.155908168,519.82
17200,52276,69860,DebtCon,Office,0,0,0,180.9314878,0,25,30.58796698,0.120149752,530.71
25700,197425,242602,DebtCon,Other,8,0,0,102.9603455,2,26,41.27712717,0.149154478,521.71
16000,98338,115759,DebtCon,Other,8,0,0,296.0762618,1,19,30.06273571,0.098130709,538.91
27700,77886,114494,DebtCon,ProfExe,9,0,0,118.4713538,0,18,28.34407839,0.129842204,527.52
12600,103946,113900,DebtCon,Other,17,0,2,194.3599393,1,16,36.41457282,0.254198747,497.72
10200,84196,91642,DebtCon,Other,1,0,0,104.8350719,1,32,38.37611263,0.1520974,520.88
8400,53841,64284,DebtCon,Other,15,0,3,206.3545644,0,36,26.05485371,0.321832669,485.79
28100,96160,128767,DebtCon,Office,10,0,1,154.672858,0,29,41.11794458,0.166977746,516.87
13400,98701,129679,HomeImp,ProfExe,10,0,0,179.127926,2,32,29.54928351,0.132268923,526.75
23400,64332,95770,HomeImp,Office,13,0,0,128.2392225,0,13,35.15764561,0.12264596,529.87
16400,102103,133626,DebtCon,ProfExe,5,0,0,95.36634837,0,14,31.27518252,0.147394154,522.21
26100,75164,108483,DebtCon,Mgr,7,0,0,300.8359581,2,28,30.07140205,0.096644379,539.52
13700,86161,106737,HomeImp,Other,22,0,0,135.3327036,4,23,29.40952403,0.153896382,520.38
15400,50402,65561,DebtCon,Mgr,25,0,0,282.6229052,0,16,38.09790247,0.0778311,548.07
30500,57516,103086,DebtCon,Office,3,0,0,166.1995272,2,24,37.81408909,0.136645504,525.39
16500,74263,98922,DebtCon,Office,0,0,0,139.8312465,3,20,31.81442935,0.167981721,516.61
25900,59575,85837,DebtCon,Other,22,0,1,189.7553505,0,19,24.87461511,0.149300546,521.66
8400,57694,70782,HomeImp,Other,4,0,0,125.7103247,0,34,37.62278555,0.132379173,526.71
13600,67354,81255,DebtCon,Office,10,0,0,255.3787569,4,36,41.62539858,0.125237025,529.01
12700,53199,82567,HomeImp,Other,3,0,1,185.3250354,0,13,27.39038041,0.189286069,511.37
30000,109583,153132,DebtCon,ProfExe,10,0,0,162.3840072,1,16,33.76030524,0.126529771,528.59
35600,20552,46697,DebtCon,Mgr,7,0,0,45.14448683,0,6,36.06282742,0.149177672,521.7
17300,110614,137552,DebtCon,ProfExe,6,0,0,85.23250072,0,13,31.34436552,0.148914457,521.77
14900,22245,31531,DebtCon,Office,7,0,0,91.07421818,0,16,21.62058028,0.141892397,523.81
16900,61847,91671,DebtCon,ProfExe,9,0,0,202.0534356,0,20,21.34825451,0.112027364,533.57
25500,79689,117577,DebtCon,ProfExe,9,0,0,114.9684987,0,19,26.48488637,0.131222261,527.08
17400,25859,43684,DebtCon,Mgr,16,1,0,95.36306868,1,17,27.10761957,0.212954167,506.05
12100,58556,76724,HomeImp,Other,3,0,1,234.6585447,1,16,37.63925293,0.183151837,512.83
16500,143404,165267,DebtCon,Mgr,14,0,1,169.7373629,1,31,36.178122,0.168918595,516.37
16900,17988,137328,DebtCon,Other,9,0,0,360.1469602,0,10,41.90205419,0.082976736,545.56
38900,120006,160771,HomeImp,ProfExe,13,0,0,137.6353734,0,40,46.70158524,0.10716973,535.37
11100,27861,47737,HomeImp,Other,8,0,0,89.49211666,0,4,34.05094936,0.152271499,520.83
24000,43948,86111,HomeImp,Other,24,0,0,258.3035939,0,7,26.61774876,0.087596734,543.42
19100,51994,66467,DebtCon,Other,7,0,0,100.1818877,3,15,41.15508261,0.176097356,514.56
15900,79660,96393,DebtCon,Other,4,2,0,84.205779,1,21,22.1131931,0.354965059,480.45
18900,52640,113391,DebtCon,ProfExe,16,0,0,257.5237966,0,19,27.79232371,0.093618598,540.78
11300,56651,71353,HomeImp,Other,29,1,2,176.9129878,1,24,38.54444186,0.346999521,481.71
12100,18728,34443,DebtCon,Mgr,9,0,0,117.6482829,0,10,21.58983638,0.133623722,526.32
8900,77261,96434,DebtCon,ProfExe,3,0,0,144.0370039,0,26,33.90846584,0.133549132,526.35
14300,93989,117410,DebtCon,Office,10,0,0,220.899221,0,12,39.87750077,0.105750093,535.9
5600,53793,66379,HomeImp,Office,22,0,0,206.0991341,0,19,18.36954053,0.098904839,538.59
35000,240994,39401,DebtCon,Mgr,3,0,1,210.5018174,3,50,42.96751164,0.167413072,516.76
26800,138216,170052,DebtCon,ProfExe,10,0,0,199.7387114,1,29,76.42147805,0.112020736,533.57
8900,75441,116950,HomeImp,Office,26,0,0,322.7311957,2,37,33.78852367,0.080893805,546.56
13500,82036,104261,HomeImp,ProfExe,4,0,1,98.41775325,0,33,39.2941028,0.209885379,506.72
20000,9722,173518,HomeImp,Mgr,21,0,0,89.21195484,2,20,31.12087741,0.145142135,522.86
14400,75360,105737,HomeImp,ProfExe,8,0,0,121.298029,1,27,24.76189959,0.142846768,523.53
15400,48275,69427,DebtCon,ProfExe,17,0,0,202.5462196,0,15,23.16004059,0.106419195,535.65
12200,199232,229929,HomeImp,ProfExe,11,0,0,223.4381168,0,21,31.3702723,0.104200414,536.5
12500,79900,94660,DebtCon,Mgr,19,0,0,252.3496982,10,24,35.80049203,0.189175015,511.4
28500,84908,108385,DebtCon,Office,10,0,0,384.2850469,0,45,41.34201094,0.062548079,556.55
22500,75010,114769,DebtCon,Mgr,9,0,1,294.2971661,1,28,30.61105116,0.138007662,524.98
28400,207687,242544,HomeImp,Other,8,0,0,134.0076805,0,41,41.29838663,0.112420842,533.43
10700,73996,92766,DebtCon,Office,15,0,1,102.1474286,0,9,25.3840627,0.199508875,509.01
14700,49264,68591,DebtCon,Other,9,0,0,237.8391591,0,18,31.25670012,0.103296862,536.85
20600,74828,106493,HomeImp,Other,5,1,0,204.0744093,1,12,30.22295994,0.197149723,509.55
14600,6871,52457,DebtCon,ProfExe,4,0,0,317.2440017,0,16,17.61790872,0.094845213,540.27
16400,71264,94726,DebtCon,Other,1,0,0,177.2573424,1,31,35.03448136,0.129666805,527.57
21200,113648,145650,DebtCon,Office,11,0,1,231.0192443,0,24,41.55930367,0.146866633,522.36
18800,88828,116683,DebtCon,ProfExe,6,0,0,141.841398,1,20,21.67927834,0.1398467,524.42
7500,60192,76475,DebtCon,ProfExe,8,0,0,60.50362521,2,24,39.28051238,0.178909664,513.86
18200,61554,94510,DebtCon,Office,2,0,0,161.3526933,0,24,23.89655471,0.123144759,529.7
28400,150784,192411,HomeImp,Self,0,0,0,173.3054934,1,16,41.54325414,0.140673131,524.18
25100,147622,187441,HomeImp,Self,3,0,0,170.4807208,0,16,41.52143161,0.128654139,527.9
18200,120966,208782,DebtCon,Other,4,0,0,202.5343334,0,17,27.43664604,0.115755155,532.24
5900,74187,78976,HomeImp,Other,9,0,1,118.442491,0,24,40.11040743,0.200111795,508.88
20600,16779,56481,DebtCon,Other,24,0,1,228.0570024,0,24,27.17664772,0.136793076,525.35
62900,119903,201928,DebtCon,ProfExe,9,0,0,297.3074808,1,25,37.63650245,0.083756349,545.19
5600,29648,39907,HomeImp,ProfExe,11,0,0,180.5630691,0,13,21.55494966,0.123094394,529.72
11800,57760,65535,DebtCon,Mgr,11,0,0,108.4694005,1,18,32.78348357,0.139742644,524.45
88900,48919,93371,DebtCon,Other,15,0,1,205.6501595,0,15,34.81826182,0.129101631,527.75
18500,81938,106187,DebtCon,ProfExe,2,0,0,282.9006093,1,21,40.0388411,0.107608502,535.2
19700,139534,172125,DebtCon,Other,0,0,0,101.9435185,6,17,32.76108398,0.226927623,503.11
11000,77929,102942,HomeImp,ProfExe,8,0,0,173.8298837,0,34,33.89777255,0.11648213,531.98
10700,85198,107044,HomeImp,ProfExe,0,0,0,66.75832547,0,19,36.84646682,0.164104201,517.62
14400,32683,48467,HomeImp,Other,11,0,0,114.4120329,0,10,21.46972396,0.136432806,525.46
23500,18989,51607,DebtCon,Other,26,0,1,206.765495,0,24,27.55140882,0.138934826,524.7
14900,69723,83553,DebtCon,Office,5,0,0,114.8555346,1,19,22.9572918,0.146101441,522.58
36600,397299,512650,DebtCon,ProfExe,4,0,0,197.5166839,0,21,43.45832742,0.106104381,535.77
11400,59813,72873,DebtCon,ProfExe,13,0,0,234.3302405,4,31,39.35147085,0.135589804,525.72
28400,106020,206030,DebtCon,Other,22,0,0,188.7524695,0,18,25.33037232,0.097857578,539.02
12900,19688,77998,DebtCon,ProfExe,20,0,2,407.2611669,0,12,22.83907899,0.161791949,518.23
16000,82097,100225,DebtCon,Other,0,0,0,129.3745132,0,22,39.8272172,0.137559089,525.11
12000,35028,55079,HomeImp,Other,23,0,1,108.6339686,0,23,40.79745755,0.180405559,513.5
13000,39386,53149,DebtCon,Other,4,0,0,110.4779566,1,16,38.52175901,0.154666284,520.16
18600,72860,90347,DebtCon,Other,0,1,1,104.0404669,2,26,36.02592528,0.355784068,480.32
22900,28217,52804,DebtCon,Other,14,0,0,109.3656846,1,25,30.58772816,0.133997184,526.21
3600,100693,114743,HomeImp,Office,6,0,0,88.47045214,0,14,29.39354338,0.148784767,521.81
26400,79163,123792,DebtCon,Office,0,0,0,310.6145549,0,24,38.1099786,0.088651887,542.95
30100,24350,40356,DebtCon,Other,0,0,0,81.8402502,0,6,13.40999565,0.154845121,520.11
11400,43530,56600,HomeImp,Other,21,0,0,114.982979,0,23,39.4816629,0.119828433,530.82
33000,227543,289091,DebtCon,ProfExe,3,0,0,203.9415862,0,29,17.42563348,0.105957842,535.82
23000,71902,101750,HomeImp,Other,5,0,0,214.3892524,0,13,29.04596406,0.112016949,533.57
66400,69588,143926,HomeImp,Office,12,0,0,118.2544866,0,11,39.9753471,0.111947813,533.6
15100,127045,163833,DebtCon,Office,4,0,0,135.9752767,0,21,25.86181234,0.128744759,527.87
14900,87167,114219,DebtCon,ProfExe,8,0,0,194.1131735,2,36,41.3297639,0.127706833,528.2
20500,113963,131135,HomeImp,Self,3,1,0,243.6806039,1,26,143.949605,0.185298781,512.31
8200,61821,64832,HomeImp,Other,5,0,0,123.2860249,0,34,35.87534399,0.13160324,526.96
22900,18059,57109,DebtCon,Other,26,0,1,213.0362848,0,24,25.54701032,0.137584548,525.11
30500,77246,121758,DebtCon,Mgr,10,0,0,79.21417248,0,34,26.52174054,0.124010633,529.41
13700,64486,84759,DebtCon,Office,4,2,3,182.1802565,3,29,37.07341346,0.681995476,431.39
26500,134952,165451,DebtCon,Other,8,1,0,225.3236722,1,19,35.73485637,0.174688722,514.91
22800,62754,101781,HomeImp,ProfExe,19,0,0,628.9819479,0,24,20.20030223,0.038185922,575.27
22200,137889,182973,HomeImp,Mgr,6,0,0,317.3561249,0,17,44.96871369,0.083694719,545.22
23600,87875,139025,DebtCon,Other,10,0,0,112.9125146,2,15,38.50589728,0.153027908,520.62
10500,34044,55784,DebtCon,Other,10,0,0,245.1308598,1,32,36.35032943,0.105704702,535.92
14600,54040,66442,DebtCon,Other,6,0,0,237.5992543,0,18,34.88343531,0.106064922,535.78
9900,47367,114837,DebtCon,ProfExe,4,0,0,210.4355336,0,10,25.04210854,0.123174998,529.69
26000,47067,63292,DebtCon,Office,17,0,0,174.6210154,2,21,33.67314644,0.120850871,530.48
49800,44462,102203,HomeImp,Self,8,0,0,207.5640502,3,37,40.30286769,0.126937072,528.45
18000,49255,61752,DebtCon,Other,8,0,0,122.0619672,3,49,30.03372238,0.149599673,521.58
16800,56979,90008,HomeImp,ProfExe,10,0,2,178.9299564,1,12,27.8164203,0.283918527,492.27
16800,27623,88231,DebtCon,ProfExe,8,0,0,122.463272,0,12,55.96202222,0.139016074,524.67
15200,102925,114520,HomeImp,Office,3,0,0,137.3893727,0,22,36.44647661,0.129572122,527.6
13700,90714,120292,DebtCon,Office,11,0,0,215.6120163,0,13,40.30430134,0.105979413,535.82
24800,64537,93212,DebtCon,ProfExe,7,1,1,120.3514204,4,25,34.68608867,0.373800339,477.51
12000,7804,65395,HomeImp,Other,8,2,0,347.1233258,0,21,16.81630749,0.211279197,506.41
16000,74459,103255,DebtCon,Other,6,3,0,72.8645904,1,21,24.93522997,0.487616804,460.69
15800,78905,97628,DebtCon,Other,0,0,0,152.1711375,0,23,42.21828222,0.130920786,527.17
28400,206126,238745,HomeImp,Other,9,0,0,119.0697634,1,42,41.67018774,0.124120138,529.38
13700,96225,112676,HomeImp,Office,2,0,0,144.5336059,1,22,38.78104826,0.140299552,524.29
5600,69435,83489,DebtCon,ProfExe,14,0,0,200.418434,1,17,22.84109285,0.121376015,530.3
18000,100822,118817,DebtCon,ProfExe,0,0,0,126.4264397,0,30,37.87741107,0.135847211,525.64
14900,70872,88731,DebtCon,Other,4,0,0,243.9979348,3,26,29.04802062,0.131408416,527.02
14600,58229,74027,DebtCon,Other,2,0,0,228.560354,0,9,34.12424228,0.115814332,532.22
21700,188525,234269,DebtCon,ProfExe,0,0,0,301.5210741,0,26,37.33952006,0.092913382,541.09
12300,102908,124217,HomeImp,ProfExe,9,0,0,159.9940264,2,31,27.7074439,0.139455215,524.54
18100,18611,171194,HomeImp,Self,5,0,0,313.0379453,0,26,27.19915401,0.096178141,539.71
19900,78142,102085,HomeImp,Mgr,12,0,0,160.3670328,0,27,34.09975711,0.108761753,534.77
22900,136032,180899,DebtCon,ProfExe,21,0,0,240.3474711,0,24,41.59674747,0.088253621,543.13
18000,63508,94991,DebtCon,Office,1,0,0,155.8847243,0,25,23.58566428,0.125260419,529
24900,62191,83694,HomeImp,Other,3,0,0,55.9375123,0,14,62.11072187,0.157006714,519.52
15500,57993,82248,DebtCon,Other,10,0,0,173.0729685,0,16,32.14246898,0.117961037,531.47
11500,116430,215014,HomeImp,ProfExe,3,0,0,132.0936343,0,14,26.86456847,0.143263862,523.41
16200,87248,116407,DebtCon,Other,20,0,0,270.0076812,1,16,24.54326882,0.094163489,540.55
27900,135511,184219,DebtCon,ProfExe,1,1,0,241.0522835,2,19,38.60649271,0.196713787,509.65
20500,80441,100505,DebtCon,Mgr,7,0,0,87.44666334,7,23,38.49506596,0.225688378,503.37
23100,61524,96308,DebtCon,Office,1,0,0,160.3831682,1,21,35.1122412,0.134185974,526.15
8700,78817,115527,DebtCon,Office,1,0,0,221.5515413,1,37,16.37841295,0.116439589,532
15200,47453,73068,DebtCon,ProfExe,20,0,0,196.6996956,0,16,22.38385656,0.104607375,536.34
36000,145908,190303,DebtCon,ProfExe,20,0,0,179.7192455,0,21,38.60076499,0.098281948,538.85
18700,66891,94454,DebtCon,Office,0,0,0,160.711282,3,20,32.78419351,0.160328346,518.62
10600,48018,68963,DebtCon,Mgr,2,0,0,186.7575926,1,16,30.65574434,0.130689896,527.25
8300,14601,66143,HomeImp,Office,24,0,0,320.2348822,1,12,40.01507057,0.084856879,544.68
27000,79218,115721,DebtCon,Other,9,0,0,280.3437201,0,35,33.22776308,0.084921741,544.65
18300,68517,97151,HomeImp,ProfExe,7,0,0,77.52181884,0,15,32.00405609,0.150261783,521.39
13700,12577,41075,DebtCon,Mgr,7,0,0,133.5420141,0,10,22.96477273,0.131419143,527.02
8600,44992,66403,DebtCon,Other,8,0,0,172.551555,1,27,43.87561082,0.128273011,528.02
22600,34226,85424,DebtCon,ProfExe,9,0,0,277.8486564,0,18,38.0056832,0.094998151,540.2
17100,46953,69086,DebtCon,ProfExe,6,0,0,165.6277883,2,11,29.2491436,0.150167482,521.42
47000,42437,109553,HomeImp,Self,10,0,0,206.7140756,2,35,40.14252106,0.117371691,531.67
17600,88661,114922,DebtCon,Other,13,0,0,152.7540102,1,7,36.76627363,0.132336379,526.73
21600,105654,155460,DebtCon,Mgr,16,0,0,193.0488032,0,25,33.60060846,0.097398281,539.21
22000,81668,123978,DebtCon,Other,8,0,0,285.1417502,1,16,37.41710801,0.100397077,537.99
18400,88352,110216,HomeImp,Other,1,0,0,376.7236428,3,31,47.83067113,0.099267098,538.45
24300,50826,68199,DebtCon,Other,7,0,0,71.1819889,1,19,36.49620108,0.155872465,519.83
21400,96016,135783,DebtCon,Mgr,14,0,0,169.0161379,2,25,35.61202481,0.122849389,529.8
24300,41323,73309,DebtCon,Other,27,0,1,298.1859041,2,32,36.15527752,0.128869304,527.83
43300,217840,299171,DebtCon,ProfExe,31,0,0,232.2700678,1,24,43.1146909,0.082428123,545.82
31200,15557,62847,DebtCon,Other,0,0,0,99.56044187,1,6,37.39411875,0.161905341,518.2
6400,76732,78084,HomeImp,Other,8,0,0,109.1930214,0,26,37.96455432,0.135988345,525.59
27200,83894,121302,DebtCon,ProfExe,6,0,1,124.2746965,0,18,29.73248931,0.197881593,509.38
16400,107669,115881,DebtCon,Other,0,0,0,136.8121195,1,21,39.69996168,0.145892843,522.64
23900,55284,92305,DebtCon,Other,7,0,0,241.0836493,1,19,37.47975712,0.109919248,534.34
9400,56675,66976,HomeImp,Other,6,0,0,128.071648,0,33,35.03337113,0.129388232,527.66
17700,10847,94611,HomeImp,Other,14,0,1,271.3966671,0,22,27.2833953,0.140820337,524.13
12500,81865,101048,DebtCon,Other,1,0,0,147.4022274,0,23,38.85516272,0.132335687,526.73
13800,75142,95667,DebtCon,Mgr,19,0,0,230.4575544,10,24,33.38331418,0.196958344,509.59
10100,55559,89231,HomeImp,Other,16,1,0,175.5555713,0,29,26.900321,0.172666735,515.42
2400,98449,117195,HomeImp,Office,4,0,0,93.81177486,0,13,29.68182705,0.151029723,521.18
20100,171132,201214,DebtCon,ProfExe,11,0,0,250.9230696,0,38,25.96553266,0.090032817,542.34
14500,70896,91652,HomeImp,Office,24,0,0,163.9916144,2,13,41.49281634,0.12381492,529.48
8200,72986,87621,DebtCon,Office,14,0,1,86.54572702,0,9,24.69743042,0.208599064,507
23500,62441,97293,DebtCon,Office,1,0,0,152.8327542,0,21,34.53125999,0.12576388,528.84
18400,65519,89276,DebtCon,Other,0,1,2,123.098552,2,26,36.35420324,0.46233173,464.35
9600,70589,99384,HomeImp,Other,0,0,1,176.4674623,0,31,34.23478958,0.187404587,511.81
37300,68789,86172,HomeImp,Self,2,0,6,235.6379056,2,25,114.0505277,0.723951002,424.13
34600,169960,224716,DebtCon,Mgr,2,0,0,182.0684611,2,21,32.71020486,0.128341075,528
9700,8852,60599,HomeImp,Other,7,2,1,359.1044913,1,21,16.87198276,0.320182553,486.06
15300,109767,117552,DebtCon,ProfExe,0,0,0,125.9425923,0,30,37.68939304,0.136654545,525.39
18600,80970,101244,DebtCon,ProfExe,0,0,0,272.882599,2,20,39.80899322,0.121666879,530.2
28600,94165,130285,DebtCon,Office,10,0,1,137.8133309,0,28,42.08001604,0.173150902,515.29
60500,40669,70207,DebtCon,Other,3,0,0,96.26606796,0,21,29.36696636,0.126559154,528.58
34000,57025,103563,DebtCon,Office,3,0,0,173.4941319,2,24,36.91389765,0.133181958,526.46
9300,75425,109040,DebtCon,Office,2,0,0,235.9462106,0,38,17.87525907,0.10261356,537.12
21200,69212,106273,DebtCon,ProfExe,12,0,1,97.2311228,0,22,18.11489583,0.199639528,508.98
19000,172108,195892,DebtCon,ProfExe,10,0,0,276.7633406,0,38,24.4756899,0.086086311,544.11
30700,14834,64870,DebtCon,Other,1,0,0,99.70436212,1,5,36.69232406,0.161339849,518.35
17600,39057,50933,DebtCon,ProfExe,6,0,0,239.2016301,1,35,39.30107072,0.109202487,534.61
21300,56729,114643,DebtCon,ProfExe,14,0,3,276.170167,1,36,25.83088323,0.304373541,488.72
19100,73217,93033,DebtCon,Other,1,2,1,113.6945661,2,26,36.38416382,0.477386316,462.17
19300,83141,112096,DebtCon,Mgr,15,0,0,255.788289,5,31,35.514488,0.127065759,528.41
19600,49984,84519,DebtCon,Other,12,0,0,92.81133323,0,10,7.614065422,0.138575331,524.8
14700,10098,51653,DebtCon,ProfExe,3,0,0,302.652472,0,16,18.42392382,0.098640629,538.7
9000,52257,58275,DebtCon,Sales,5,0,0,80.25180099,0,21,34.14472595,0.155174692,520.02
12000,84172,123415,DebtCon,Office,9,0,0,139.0184494,1,21,38.58266988,0.134711821,525.99
23200,129355,171709,DebtCon,ProfExe,0,0,0,328.5141214,0,30,40.04844004,0.086791387,543.79
14700,65660,81937,DebtCon,Office,2,0,0,106.6575189,1,19,25.19780688,0.152800102,520.68
28300,68959,102048,DebtCon,ProfExe,12,0,0,278.7147042,1,32,39.93275013,0.092511202,541.26
15400,73793,86176,DebtCon,Other,2,1,0,229.3693761,3,26,30.95851999,0.214444351,505.73
11300,77926,89216,DebtCon,Mgr,6,0,0,146.8101541,2,26,39.46696422,0.141839087,523.83
19400,39928,106271,HomeImp,Other,6,0,0,129.1782772,0,14,31.92215492,0.135455754,525.76
12900,55673,64582,DebtCon,Other,4,0,0,163.4166317,0,14,26.98743734,0.128735288,527.87
15800,41661,80457,DebtCon,Mgr,3,0,1,137.3175078,0,8,27.43409485,0.201908386,508.47
18600,39783,59196,DebtCon,Other,17,0,0,279.8100665,0,21,29.77480684,0.085614013,544.33
17600,71983,97939,DebtCon,Office,1,0,0,144.3662159,3,19,29.80858977,0.165149413,517.35
12800,58592,87002,DebtCon,Office,13,0,0,139.5308428,0,24,37.53107709,0.11862369,531.24
15400,32131,47338,HomeImp,Other,9,0,0,93.3731422,1,11,31.40918636,0.155676163,519.88
10400,62442,73197,DebtCon,ProfExe,8,0,0,47.61067763,1,24,38.88482776,0.168564277,516.46
12800,206527,227737,HomeImp,ProfExe,11,0,0,225.2013256,0,22,31.12184071,0.102916308,537
21400,104657,147364,DebtCon,Other,7,2,0,149.2544801,2,20,46.30507215,0.329971428,484.45
25500,84267,117833,DebtCon,ProfExe,12,0,1,123.7568565,0,18,27.47115778,0.189202124,511.39
11700,59932,80313,HomeImp,Office,14,0,0,238.4864616,0,32,44.4749177,0.092986468,541.05
19800,56745,83146,DebtCon,Other,11,0,0,85.25361922,0,10,7.862193632,0.141545225,523.92
14400,77366,130330,DebtCon,ProfExe,14,0,1,285.200062,1,18,28.1716511,0.151038585,521.17
30500,124225,181129,DebtCon,Mgr,11,0,0,189.4391712,2,28,43.16839173,0.116071206,532.13
11900,81318,105454,HomeImp,ProfExe,6,0,0,92.13682104,1,33,37.52575103,0.152013695,520.9
33500,73761,117729,DebtCon,Mgr,11,0,0,62.12090961,0,35,25.46161407,0.12581056,528.82
19100,22094,61820,HomeImp,ProfExe,5,0,0,201.1354777,0,13,28.8888762,0.12013113,530.72
13300,76663,96022,DebtCon,ProfExe,10,2,0,180.0294503,1,30,27.04500676,0.290477734,491.11
12000,63019,74204,DebtCon,Office,6,0,0,98.59173833,2,14,24.49043836,0.165929886,517.14
19800,73557,95770,DebtCon,Mgr,0,0,0,70.02915918,0,17,25.59661737,0.150934452,521.2
27600,121592,153432,DebtCon,Mgr,2,0,0,297.0016085,0,24,40.01531648,0.086658533,543.85
20900,66575,79416,DebtCon,ProfExe,13,2,1,107.2695126,7,28,28.38233702,0.565255269,449.44
13500,59941,69336,HomeImp,Other,29,1,2,182.6956696,1,24,35.51267298,0.341695682,482.55
15700,16804,34294,DebtCon,Mgr,9,0,0,131.7734232,0,10,23.97970277,0.128394338,527.98
16800,94851,119053,DebtCon,Office,2,0,1,270.9986111,1,34,27.00923929,0.15534604,519.98
21200,63093,101789,HomeImp,ProfExe,18,0,0,623.4562088,1,24,19.41458795,0.042851867,570.94
21000,90425,97741,DebtCon,ProfExe,1,0,0,123.9728061,0,20,33.56414529,0.138767815,524.75
88500,50240,94687,DebtCon,Other,16,0,0,214.4262056,0,16,34.75115835,0.081060828,546.48
65100,67389,142740,HomeImp,Office,9,0,1,116.9061041,0,11,43.36871813,0.175584893,514.68
11900,29822,48574,DebtCon,Office,13,0,0,132.4016914,0,4,36.61115697,0.12994016,527.49
21500,94310,142986,DebtCon,ProfExe,22,1,0,170.2049996,0,25,39.56664624,0.16392922,517.67
13700,53094,79069,HomeImp,Other,2,0,2,155.8152865,0,13,29.55636639,0.290490866,491.11
9400,57105,67061,HomeImp,Other,6,0,0,129.5084838,0,34,35.73459276,0.128534311,527.94
15900,96854,156450,DebtCon,Mgr,1,0,0,212.6660046,0,19,40.21338458,0.112032306,533.57
20100,104183,139637,HomeImp,ProfExe,10,0,0,162.0041808,1,23,34.62420281,0.127962061,528.12
13700,70763,78449,DebtCon,Office,12,0,0,271.6567243,5,36,40.56198365,0.128444538,527.96
21000,133430,189263,DebtCon,ProfExe,22,0,0,229.986998,1,23,40.56412158,0.098317928,538.83
13700,32942,40143,HomeImp,Other,8,0,0,65.00074225,2,12,30.26836885,0.179278401,513.77
12300,114457,144284,DebtCon,ProfExe,1,0,0,252.6592531,0,45,32.4971451,0.099497344,538.35
21300,183386,230443,DebtCon,ProfExe,1,0,0,288.3736976,1,26,39.33487902,0.103058554,536.94
28800,30357,56776,DebtCon,Other,35,0,0,294.4200214,0,22,37.53746125,0.067444908,553.64
13500,67180,85634,DebtCon,Sales,5,0,0,147.3553126,0,35,28.52255337,0.126996622,528.43
9800,49298,73426,HomeImp,Office,9,3,1,242.3890162,1,29,34.69036125,0.494082318,459.76
27300,55973,93503,DebtCon,Other,22,0,1,167.7417315,0,19,26.21017597,0.155872047,519.83
20500,87892,136867,DebtCon,Other,10,0,0,96.92964469,3,15,40.16291939,0.172051285,515.57
20300,71387,107363,HomeImp,Other,4,0,0,219.8747302,0,13,29.5672214,0.112839733,533.28
18700,45365,71853,DebtCon,Other,7,0,0,98.45648444,3,15,41.38874759,0.177469163,514.22
30900,190480,298239,DebtCon,Other,27,0,1,164.6048706,0,23,39.60145213,0.144990074,522.9
31100,136521,188264,DebtCon,ProfExe,1,1,0,227.6518778,2,19,38.51864488,0.200069818,508.89
16200,43794,69458,HomeImp,Office,2,0,0,140.5029163,0,18,31.10952867,0.133008175,526.52
18400,48970,69559,DebtCon,ProfExe,20,0,0,178.015833,0,23,39.70798807,0.104977771,536.2
20900,122807,150896,DebtCon,Other,5,0,0,123.4795377,2,13,30.4244811,0.157245096,519.46
26200,72648,123582,DebtCon,Office,0,1,0,331.3528857,0,23,37.54583738,0.137702309,525.07
13400,9698,65524,HomeImp,Other,9,1,0,345.5431065,1,21,15.76191917,0.144725967,522.98
31600,15036,44220,DebtCon,Other,28,0,0,204.7009169,0,14,42.61822346,0.089997877,542.35
8400,75912,95329,DebtCon,Mgr,18,0,1,294.1642246,0,24,38.64180454,0.124143844,529.37
28900,63748,36392,DebtCon,Sales,9,4,1,124.2478986,6,23,44.57850006,0.777843643,413.71
42000,9999,50681,HomeImp,ProfExe,3,0,0,326.0679857,5,15,12.38674131,0.129878309,527.51
15900,90017,114267,DebtCon,ProfExe,8,0,0,205.2183294,2,36,41.23051218,0.124256495,529.33
12400,57105,74582,DebtCon,Other,12,0,0,134.0317679,0,20,36.92573641,0.125075079,529.06
10100,45493,54605,HomeImp,Mgr,21,0,1,234.5917784,0,18,36.59466404,0.140036642,524.37
26000,150773,179077,DebtCon,Other,1,0,0,186.914467,0,35,38.70777971,0.110736268,534.04
26700,40785,75601,DebtCon,Mgr,14,1,0,98.2405209,5,15,34.15422819,0.278061173,493.32
38900,198749,270751,DebtCon,ProfExe,4,0,0,245.8954444,0,32,29.62236869,0.093751954,540.73
48800,47476,105332,HomeImp,Self,9,0,0,194.1389185,3,36,40.65343467,0.130164696,527.41
9000,56226,67466,HomeImp,Other,7,0,0,126.7450871,0,16,33.98784698,0.136601889,525.4
27800,142356,177328,DebtCon,ProfExe,6,0,0,315.1755675,0,35,38.59599092,0.081349145,546.34
18600,38674,63641,HomeImp,Other,23,0,0,245.049372,0,13,25.18098984,0.090418776,542.17
23600,140284,182591,DebtCon,ProfExe,21,0,0,224.9413467,0,24,41.8717558,0.090946169,541.94
15300,22079,168281,HomeImp,Self,8,0,0,301.4910256,0,27,27.7711227,0.096230285,539.69
34100,139035,198788,DebtCon,ProfExe,23,0,0,171.9632916,1,22,37.68589208,0.106166565,535.75
14400,80123,102223,DebtCon,ProfExe,9,2,0,176.418283,0,30,27.64495462,0.275058401,493.86
30800,54981,82038,DebtCon,Office,2,0,0,165.0778474,2,19,41.23925628,0.140050126,524.36
14000,43173,65985,HomeImp,ProfExe,5,0,0,215.9858947,3,18,37.14869173,0.146368711,522.5
26500,112059,179599,DebtCon,Sales,15,0,0,313.2053014,0,30,36.35910417,0.079179885,547.4
29200,50105,83815,DebtCon,Other,21,0,0,188.2010287,0,26,35.59575067,0.095586207,539.96
18500,99474,127470,DebtCon,Office,22,0,0,287.0022563,3,16,30.99602763,0.101970441,537.37
25200,69510,90781,DebtCon,ProfExe,6,0,1,143.8313539,4,25,35.3269126,0.249016341,498.72
22500,87361,140632,DebtCon,ProfExe,24,0,0,146.2961719,0,25,39.87676993,0.106032237,535.8
10400,64904,76767,DebtCon,Office,11,0,0,245.0180119,4,37,41.42384414,0.127663941,528.22
12900,31498,42695,HomeImp,Mgr,14,0,0,55.02158895,0,9,31.99275348,0.145778597,522.67
22400,91402,100845,DebtCon,ProfExe,2,1,0,132.2166218,0,20,35.68247123,0.210423743,506.6
18300,40018,65355,DebtCon,Other,16,1,0,287.9746298,0,21,28.36288297,0.137368704,525.17
5700,49514,58249,HomeImp,Office,21,0,0,212.5391151,0,21,21.25802688,0.097716922,539.08
12200,67474,88473,DebtCon,Other,2,0,0,234.7759967,3,26,29.09729879,0.137667497,525.08
15400,104451,119195,DebtCon,Office,5,0,0,264.7616522,0,34,29.96327278,0.09244387,541.29
8600,42226,50386,HomeImp,Mgr,21,1,0,223.3264624,0,17,34.92786612,0.151221342,521.12
25900,201877,239546,HomeImp,Other,6,0,0,134.8532427,0,42,40.39811434,0.114974842,532.51
9500,47019,59413,DebtCon,Other,4,0,0,78.02555168,0,11,31.41813239,0.156960556,519.53
20400,99781,128452,DebtCon,Office,23,0,0,265.9508455,2,16,33.79937887,0.096814523,539.45
27900,66027,102745,DebtCon,ProfExe,9,0,0,298.1032514,1,32,38.25030605,0.091455618,541.71
12100,46152,72773,DebtCon,Other,0,0,0,270.4899801,0,20,29.49511599,0.105004885,536.19
70500,196690,288512,DebtCon,Self,9,0,0,227.0271357,2,24,29.58230092,0.106522298,535.61
27600,123121,157337,DebtCon,Mgr,2,0,0,283.2828535,0,24,36.94827386,0.089310978,542.65
9800,74962,108730,HomeImp,ProfExe,4,0,1,76.39241605,1,33,37.32134756,0.237797359,500.91
15300,54412,95123,DebtCon,ProfExe,6,0,0,134.2426479,2,22,35.08572068,0.155347433,519.98
12100,55147,72553,DebtCon,Other,0,0,0,229.4061754,0,10,35.86772963,0.118351511,531.33
15600,49151,62005,DebtCon,Other,4,0,0,185.653088,0,14,36.02110045,0.122071119,530.06
26000,100548,207647,DebtCon,Other,22,0,0,218.5959913,0,18,26.55949496,0.092660162,541.19
8100,28187,32584,DebtCon,Other,0,1,0,27.04883471,10,7,29.28795683,0.488366573,460.58
17700,50886,106673,HomeImp,Other,2,0,2,57.09065961,1,10,40.85911311,0.363297197,479.14
13700,74015,113766,DebtCon,Other,7,0,0,75.89241528,2,14,36.39536633,0.174855366,514.87
21700,79240,96784,DebtCon,Mgr,5,0,0,64.50842359,6,24,38.07896313,0.221532134,504.23
17800,54003,116434,DebtCon,ProfExe,18,0,0,268.715304,0,19,24.25197177,0.089993948,542.35
24500,69615,94656,DebtCon,ProfExe,7,0,1,136.5556217,3,26,35.56529668,0.233528833,501.77
33700,28956,45640,DebtCon,Other,0,0,0,59.04270368,0,6,16.49508064,0.160282393,518.64
50400,53992,63772,DebtCon,Office,12,0,1,98.82239648,2,25,40.42570434,0.202269384,508.39
17300,65077,91991,DebtCon,Other,0,2,3,114.0234424,2,26,35.90776048,0.710617633,426.5
6700,51855,58084,HomeImp,Office,21,0,0,193.7547457,0,19,19.5495717,0.102070648,537.33
10100,81263,98536,DebtCon,Mgr,1,0,0,73.16044771,1,23,38.33125572,0.161640008,518.27
24900,17139,33269,DebtCon,Other,16,3,0,124.1968265,1,18,26.27583242,0.42876223,469.25
21900,51861,68951,DebtCon,ProfExe,10,0,0,188.9786171,0,42,38.99975416,0.103790676,536.66
7500,84479,104571,DebtCon,ProfExe,23,0,0,47.83285134,3,14,33.07501037,0.179229875,513.78
32400,51220,106361,DebtCon,Office,3,0,0,172.362148,2,24,36.48909721,0.134504411,526.05
22400,52597,69312,DebtCon,Office,2,0,0,224.2413307,0,12,33.82410789,0.110833703,534.01
29000,152065,192445,HomeImp,Self,2,0,0,166.9485683,0,16,41.56383925,0.129113821,527.75
10400,45710,55299,DebtCon,Office,0,0,0,166.3741502,0,20,34.53641174,0.128732753,527.87
30400,45747,78829,DebtCon,Office,0,0,0,174.3637482,3,18,41.25679468,0.152271517,520.83
21000,53572,80048,DebtCon,Mgr,9,2,0,69.90656984,2,27,34.9310865,0.354016444,480.6
13200,81654,114333,DebtCon,Other,5,0,0,97.96296166,1,13,33.74336765,0.158156431,519.21
7500,12115,35910,HomeImp,Office,13,3,6,234.9007508,0,24,24.66227667,0.910681708,375.16
14000,50890,68722,DebtCon,Other,8,0,1,135.7684854,2,49,29.44804553,0.203983675,508.01
17800,56432,157665,DebtCon,ProfExe,20,0,0,238.1668986,0,27,20.07933438,0.092329289,541.34
28600,32136,51599,DebtCon,Other,35,0,0,284.0838485,0,23,39.54773379,0.068691264,552.93
27300,37636,73328,DebtCon,Mgr,12,0,0,80.79269376,6,16,34.26822801,0.206854639,507.38
11000,21738,86586,HomeImp,ProfExe,20,0,0,241.0607911,0,10,25.21859995,0.100144697,538.09
27900,113843,156282,DebtCon,ProfExe,7,0,0,109.9596262,2,27,33.94246485,0.151613252,521.01
7700,51045,91068,HomeImp,Other,20,0,0,179.2409356,0,28,27.23109397,0.105246776,536.1
40500,145127,205613,HomeImp,ProfExe,5,0,0,143.1288344,0,30,35.3375454,0.117430511,531.65
22100,45993,67208,DebtCon,Other,8,0,1,60.45700477,2,18,34.78092033,0.2526759,498.01
11500,53651,87547,HomeImp,Other,18,0,0,191.3968875,0,16,34.36865089,0.107545924,535.22
17200,99204,119490,DebtCon,Other,9,0,0,296.2114898,1,18,30.3013654,0.097203578,539.29
17500,49968,68025,HomeImp,Office,3,0,0,126.0794526,0,18,34.10902705,0.134948327,525.91
20400,81823,114832,DebtCon,Mgr,18,0,0,234.3920415,4,31,35.20581884,0.11912686,531.06
5400,68625,82304,DebtCon,Sales,2,0,0,136.6329442,0,30,32.05002349,0.139024007,524.67
18800,166737,199303,DebtCon,ProfExe,9,0,0,270.8826875,1,38,25.53212879,0.095926742,539.81
14000,59736,97411,DebtCon,ProfExe,7,0,0,200.1553656,1,19,20.11698203,0.125918665,528.79
30000,15214,38094,DebtCon,Other,26,0,0,199.4697909,0,15,39.5498738,0.09278465,541.14
5700,28116,33450,DebtCon,Other,0,1,0,15.39658739,9,7,30.0170133,0.474813617,462.54
33200,119049,175867,DebtCon,ProfExe,17,0,0,112.4677853,0,16,28.51781662,0.120645572,530.55
23400,90924,116819,DebtCon,Other,24,0,0,245.8978616,1,27,40.85742704,0.089594011,542.53
13400,67941,84973,DebtCon,Office,6,1,3,179.9770702,3,30,37.42893752,0.55112609,451.5
26600,94954,131913,DebtCon,ProfExe,0,1,0,187.1408236,2,37,35.27011322,0.209289876,506.84
9200,72859,88183,DebtCon,Mgr,8,0,0,105.6552052,0,23,29.00720777,0.132067543,526.81
53700,25813,78955,HomeImp,Other,3,2,0,243.5148555,7,14,42.99845603,0.376139203,477.15
10500,42003,53754,DebtCon,Other,16,0,0,84.55110419,0,12,32.34295932,0.138542838,524.81
7400,32832,50798,DebtCon,Other,10,0,0,221.3384208,1,31,36.00942149,0.112658434,533.34
28300,72572,117311,DebtCon,Other,6,0,0,85.79724815,1,32,39.8765037,0.144448648,523.06
24600,135278,164559,DebtCon,Other,5,1,0,225.3668485,0,20,34.07915769,0.166538809,516.99
22800,64659,96063,DebtCon,Mgr,8,0,0,201.0682871,2,18,31.54182212,0.124234088,529.34
27800,181405,229116,DebtCon,ProfExe,0,0,0,297.9981443,0,32,43.52042818,0.08996242,542.37
42000,21314,68047,DebtCon,Other,21,0,0,209.8976942,1,30,39.94638535,0.094364761,540.47
23500,37858,60890,DebtCon,Other,2,0,0,110.0572738,0,17,19.26843955,0.140998776,524.08
18000,84824,115146,DebtCon,Other,21,0,0,293.9804358,0,16,27.09752347,0.081041383,546.49
6900,53328,58088,DebtCon,Sales,2,0,0,101.5319079,0,21,35.76405836,0.153487398,520.49
16400,57139,164133,DebtCon,ProfExe,21,0,0,238.4610031,0,27,22.20684602,0.09191376,541.52
20800,77885,98188,DebtCon,Mgr,4,0,0,50.29354716,7,23,38.12040471,0.247254438,499.06
16500,44330,72618,DebtCon,Other,6,0,0,101.4953657,2,15,41.4570252,0.166163135,517.08
7800,45391,61743,DebtCon,Other,12,0,0,105.0875938,0,22,36.70541274,0.134081055,526.18
18600,96993,134785,DebtCon,Mgr,14,0,0,173.897513,2,25,33.36326972,0.122601735,529.88
32900,232792,293949,DebtCon,ProfExe,13,0,1,275.6958052,1,26,27.87825784,0.139326988,524.58
11700,78157,103016,DebtCon,Mgr,1,0,0,69.80569767,2,24,38.44838712,0.174430599,514.97
13600,66178,104378,HomeImp,ProfExe,6,0,0,263.9610151,0,11,36.43846627,0.105881271,535.85
8800,55990,89673,HomeImp,Other,18,0,0,184.6259659,0,29,27.70164974,0.10501363,536.19
25200,137054,207511,HomeImp,ProfExe,4,0,0,188.5746595,0,27,39.96388766,0.114546932,532.67
23000,58696,102176,HomeImp,ProfExe,18,0,0,629.0957663,0,23,22.82560712,0.038744672,574.72
20500,47130,66415,DebtCon,Office,4,0,0,170.9255245,2,26,33.58241575,0.136952721,525.3
12000,57371,69076,DebtCon,Mgr,10,1,0,83.25197204,1,19,29.63210826,0.229265332,502.63
11500,22758,36922,DebtCon,Office,7,0,1,103.0481171,0,16,19.0201683,0.209097729,506.89
21000,67657,100606,HomeImp,Other,5,0,0,225.2852704,1,12,31.04430422,0.119964991,530.78
16600,81275,106691,DebtCon,ProfExe,1,0,0,289.376138,1,20,38.47524099,0.108185916,534.98
12900,151991,179521,HomeImp,Office,6,0,0,186.8053299,0,55,34.19175206,0.101157838,537.69
11100,82329,100139,HomeImp,ProfExe,5,0,0,108.5325636,0,26,26.0992587,0.1407001,524.17
11000,46093,60563,DebtCon,Mgr,4,0,0,190.4821643,1,21,29.57814813,0.124892631,529.12
14700,89448,115380,DebtCon,Office,11,0,0,222.8150889,0,12,40.52479687,0.104347449,536.44
11400,64934,74875,DebtCon,Other,3,0,0,192.3144827,2,16,34.34375572,0.142659869,523.59
20900,111464,144487,DebtCon,Office,11,0,1,206.6773533,0,25,40.06547716,0.154027159,520.34
33100,111917,156552,DebtCon,Mgr,12,0,0,107.2948996,2,37,41.44154866,0.13133923,527.04
20800,107379,147014,HomeImp,ProfExe,10,0,0,161.5374824,1,22,31.92532942,0.128281546,528.02
24900,46116,77519,DebtCon,Other,9,0,0,120.0835519,1,19,42.92950927,0.138796074,524.74
18100,144692,183630,DebtCon,Mgr,11,0,0,256.2054726,0,21,27.38411651,0.09049074,542.13
7800,58364,66688,DebtCon,Other,3,0,2,114.512158,3,18,37.92927387,0.368096944,478.39
15400,47749,74451,DebtCon,Mgr,3,0,0,133.8993123,1,8,27.92203478,0.146481276,522.47
24700,109377,133116,DebtCon,Mgr,10,1,0,184.3557829,5,17,40.2026301,0.243064506,499.87
10700,59588,69166,HomeImp,Other,6,0,0,133.9065052,0,17,36.18085758,0.134502835,526.05
11000,131949,165096,HomeImp,ProfExe,5,0,0,440.4212537,0,42,26.90476645,0.064473199,555.38
43200,15635,60925,DebtCon,Other,19,0,0,212.1152801,0,30,40.46067582,0.087820422,543.32
22500,73567,88157,DebtCon,Other,2,0,0,111.4005357,1,30,33.51922814,0.144720423,522.98
6200,75623,89634,HomeImp,Other,24,0,0,324.6868294,0,47,28.2855321,0.068428644,553.08
62500,124491,198338,DebtCon,ProfExe,10,0,0,324.3207318,1,26,38.06975144,0.077798904,548.09
10200,82630,99250,DebtCon,Other,1,0,0,107.5285598,1,32,40.28097487,0.151556291,521.03
20800,58440,99244,DebtCon,Office,1,0,4,174.9585772,0,46,37.48854569,0.464885237,463.98
5700,76948,85753,HomeImp,Other,7,0,0,128.4764515,0,25,37.85968784,0.132752754,526.6
7100,64850,76985,HomeImp,Other,0,0,0,108.2171898,0,7,36.33755756,0.156332062,519.71
20600,35530,105838,HomeImp,Other,7,0,0,106.162918,0,15,32.09386652,0.139994188,524.38
14400,78777,103344,HomeImp,ProfExe,5,0,0,104.4045965,1,27,24.35085757,0.151579538,521.02
15100,81461,93548,DebtCon,Other,2,0,0,160.1036,0,22,41.00736353,0.126979301,528.44
17700,58016,76416,DebtCon,Office,4,0,0,28.01149175,5,10,41.46337333,0.239782131,500.52
38700,119847,162365,HomeImp,ProfExe,13,0,0,149.8027955,0,39,47.91511242,0.104892203,536.23
9100,24721,34462,DebtCon,Other,1,0,0,28.10052036,9,7,27.52068217,0.333995666,483.8
6200,46601,59486,HomeImp,Other,5,0,0,84.63211066,0,18,25.35001036,0.152133157,520.87
26800,89146,128923,DebtCon,Mgr,7,2,1,114.4619553,7,16,2.83029717,0.567418987,449.12
27200,110470,180982,DebtCon,Sales,17,0,0,295.4714492,1,30,34.7669497,0.087678853,543.38
17800,8642,88369,HomeImp,Other,13,0,0,265.022103,0,22,26.48079237,0.093761806,540.72
32100,120725,168783,DebtCon,ProfExe,15,0,0,121.5604199,1,17,27.90222161,0.130256072,527.38
11800,86785,125552,DebtCon,Office,11,0,0,148.1764924,1,22,37.88444933,0.129379747,527.66
13500,89184,116848,DebtCon,ProfExe,13,0,0,174.5064082,1,18,36.01089152,0.125607595,528.89
15200,105328,113931,HomeImp,ProfExe,3,0,0,138.1335045,2,32,61.89063458,0.151492522,521.05
13600,13202,50848,DebtCon,ProfExe,3,0,0,302.2019151,0,16,16.77857669,0.098957875,538.57
15600,62582,131510,DebtCon,Self,2,0,2,122.6040529,1,17,38.5882224,0.336432758,483.4
25500,79593,113063,DebtCon,ProfExe,9,0,0,135.7406135,0,19,28.04079318,0.125552771,528.91
13900,50415,68166,DebtCon,Other,10,0,0,235.680967,0,17,33.77003753,0.10340116,536.81
26200,189252,241754,DebtCon,Other,9,0,0,97.31488774,2,25,40.31269773,0.150246641,521.4
22000,188982,231933,DebtCon,ProfExe,2,0,0,294.9601692,0,26,36.43459137,0.09234868,541.33
9300,59617,67709,HomeImp,Other,4,0,1,243.8307278,1,16,35.96828075,0.17949337,513.72
6700,55113,56486,HomeImp,Other,4,0,0,84.41703046,0,17,23.64285383,0.153289332,520.54
18900,34583,59247,DebtCon,Other,15,0,0,89.34062711,0,17,39.99018836,0.133034897,526.51
16700,64862,107919,HomeImp,ProfExe,10,0,0,260.1585478,0,11,36.82433903,0.101966466,537.37
13300,14212,57608,DebtCon,ProfExe,3,0,0,322.004542,0,16,15.91676921,0.09498695,540.21
7100,53273,54378,HomeImp,Other,5,0,0,84.83724997,0,17,22.86119965,0.151678497,520.99
25600,240092,263958,HomeImp,Self,5,1,0,245.6794706,2,51,38.97353933,0.17401458,515.08
9000,51091,68264,DebtCon,Other,22,0,0,277.7556619,2,29,39.38731755,0.096768875,539.47
25400,62906,96327,DebtCon,Other,17,0,0,110.6201271,1,16,33.76074836,0.132606812,526.64
33000,232113,46286,DebtCon,Mgr,3,0,1,214.3529578,2,50,42.51200002,0.155508576,519.93
9400,53244,62245,DebtCon,Other,23,0,0,276.787744,3,28,37.82185151,0.104305895,536.46
25900,118965,154728,DebtCon,ProfExe,8,0,0,101.1976068,3,26,32.59840187,0.166359002,517.03
19400,52677,80424,DebtCon,Mgr,9,2,0,65.84753037,2,28,34.9508231,0.356739503,480.17
11000,43614,60831,DebtCon,Other,3,0,2,84.44474615,0,20,36.67364815,0.319529106,486.17
15000,5627,64962,DebtCon,Sales,0,0,0,341.5020847,0,6,39.9967104,0.09890025,538.59
19700,33529,61209,DebtCon,Other,17,0,0,112.1587412,0,18,40.72529612,0.123928853,529.44
47700,93909,154158,DebtCon,Other,14,0,0,227.2282602,8,19,41.33812472,0.170551822,515.95
34000,232312,286305,DebtCon,ProfExe,4,0,0,219.6589319,0,29,15.73593489,0.100939848,537.78
19100,31442,57151,DebtCon,Other,16,0,0,100.0326359,1,17,39.90704163,0.139527957,524.52
13900,65437,94518,DebtCon,ProfExe,10,0,0,182.4007551,0,19,21.29607532,0.117158569,531.75
15400,58085,91192,DebtCon,ProfExe,10,0,0,191.344217,0,19,21.36431232,0.114652135,532.63
20700,140776,183621,HomeImp,Mgr,7,0,0,315.3743912,0,17,43.85601978,0.083596248,545.27
13300,49491,69028,DebtCon,ProfExe,16,0,0,195.8776327,0,15,24.87750841,0.109621167,534.45
16600,9626,96887,HomeImp,Other,14,0,0,263.7662467,0,23,28.67470198,0.093282601,540.93
10800,67740,108135,DebtCon,Office,11,0,0,163.2738318,1,12,38.38349838,0.130689616,527.25
9900,26427,87134,HomeImp,ProfExe,20,0,0,244.3652465,0,11,25.00396549,0.099265074,538.45
18200,62141,90434,DebtCon,Office,0,0,0,69.41077665,0,22,35.35728725,0.152495553,520.76
12400,49264,57923,DebtCon,Other,0,0,0,182.0010415,2,13,27.00877688,0.151055613,521.17
6900,70717,87466,HomeImp,Other,2,0,0,112.5890607,0,15,41.4280899,0.148245773,521.96
16800,76852,90429,DebtCon,Other,6,0,0,183.8430046,3,18,42.2970917,0.149055188,521.73
13900,48110,63601,DebtCon,ProfExe,5,0,0,153.7353987,1,12,29.96468739,0.144346485,523.09
27200,24070,58216,DebtCon,Other,35,0,0,273.3417572,0,24,37.63994733,0.070730578,551.8
29900,135955,182161,DebtCon,ProfExe,0,0,0,235.3710385,2,18,38.69974659,0.127327212,528.33
9700,77394,86917,DebtCon,Office,16,0,1,81.46140046,0,9,27.70585654,0.205998713,507.57
8200,67489,80145,HomeImp,Other,2,0,0,104.3965066,0,7,36.91231088,0.154249177,520.28
9300,79133,100033,DebtCon,Other,3,0,0,102.1630274,2,31,40.79463545,0.163766526,517.71
16000,88093,106943,DebtCon,ProfExe,7,0,0,207.2028505,1,36,42.5730795,0.115144295,532.45
17100,43085,68758,DebtCon,Other,7,0,1,103.6838558,3,49,30.3535487,0.233034871,501.87
13500,92989,111120,DebtCon,Other,13,0,0,209.4605943,3,15,39.52184453,0.135373848,525.78
9000,52311,68994,DebtCon,Office,0,0,1,137.7840036,0,9,28.45471286,0.21254697,506.14
31200,22907,46357,DebtCon,Other,0,0,0,62.41629688,0,6,15.02803747,0.160752933,518.51
14100,59402,91057,DebtCon,ProfExe,8,0,0,194.6346173,0,20,22.02326465,0.115965396,532.16
5700,62319,82923,HomeImp,Other,4,0,0,117.6739652,0,15,42.46486629,0.144983022,522.91
15200,85303,131022,DebtCon,ProfExe,14,0,0,295.495733,0,18,29.60992004,0.08842644,543.05
52800,53532,68305,DebtCon,Office,11,0,0,91.13322531,1,25,40.66968682,0.127113661,528.4
11600,73079,101219,HomeImp,ProfExe,7,0,0,152.249875,0,33,34.24962074,0.123396595,529.62
10100,63283,82912,HomeImp,Other,0,0,0,99.81625825,1,7,38.37053971,0.170301977,516.02
20800,107787,182140,DebtCon,Office,7,0,0,214.3305682,3,23,41.92846949,0.133029221,526.51
11900,78959,104371,DebtCon,Mgr,1,0,0,79.08139722,1,23,40.02421108,0.159157309,518.94
43200,120310,178938,DebtCon,Self,10,0,0,196.2815792,0,5,40.16548813,0.112688331,533.33
25700,103598,144594,DebtCon,Mgr,19,0,0,217.944828,0,13,41.13564938,0.092354788,541.33
11400,112930,144830,DebtCon,ProfExe,2,0,0,271.2380373,1,46,33.25107931,0.102779111,537.05
17300,79412,114906,DebtCon,Mgr,17,0,0,247.3605705,4,30,36.53643556,0.118640994,531.23
18700,70562,91223,DebtCon,Other,27,0,2,112.7103681,4,35,64.2724769,0.310010044,487.76
9800,62826,65912,HomeImp,Other,6,0,0,132.7524896,0,34,37.58819954,0.127218772,528.36
27900,149359,192955,HomeImp,Self,0,0,0,172.5795906,1,16,40.13553136,0.141184828,524.02
17400,49765,66782,DebtCon,Mgr,27,0,0,272.5904825,1,16,39.3830645,0.08436421,544.91
14600,51613,77912,DebtCon,Office,0,0,0,182.8825754,0,25,32.22445241,0.120848065,530.48
10800,75378,86060,DebtCon,Mgr,6,0,0,102.6650708,0,23,30.09500969,0.134451737,526.07
24500,118251,158758,DebtCon,Mgr,2,0,0,282.6499217,0,24,38.84480195,0.090530031,542.12
12400,137927,160566,HomeImp,ProfExe,6,0,1,436.7517799,0,42,29.27255681,0.099756334,538.25
10300,58572,75946,DebtCon,Office,5,0,0,85.01005286,2,14,27.76943894,0.173129832,515.3
20900,59228,92224,DebtCon,Office,1,0,0,157.0711836,1,21,37.67720937,0.136041342,525.58
12000,84191,100654,HomeImp,ProfExe,0,0,0,79.67788538,1,20,33.77330326,0.171143831,515.8
8400,43589,49950,DebtCon,Office,9,0,0,202.7045404,0,23,33.59231894,0.109348128,534.55
16000,32918,52482,DebtCon,ProfExe,3,0,0,259.5710207,0,34,40.347344,0.100191229,538.08
14600,82837,95796,DebtCon,Other,0,0,0,148.3552211,0,23,42.03308487,0.132226149,526.76
22300,89591,149566,DebtCon,ProfExe,23,0,0,157.6517299,0,24,41.85930497,0.104977497,536.2
8600,45960,57473,DebtCon,Mgr,4,0,0,189.7680601,0,22,26.75441155,0.115864094,532.2
28700,67951,106093,DebtCon,ProfExe,11,0,0,263.7439223,0,32,40.21223483,0.088806216,542.88
22700,73280,92961,DebtCon,ProfExe,8,0,1,109.5702924,3,26,34.61442256,0.244230316,499.65
18300,93728,153093,HomeImp,ProfExe,5,0,0,109.3371059,0,16,36.21398749,0.142993873,523.49
25700,31333,56733,DebtCon,Other,13,0,0,97.08615056,2,25,30.61978676,0.14857984,521.87
34100,241931,36486,DebtCon,Mgr,1,0,2,196.0088316,3,50,42.45858179,0.257010365,497.19
21900,52735,75372,DebtCon,ProfExe,5,0,1,217.0209402,6,23,34.01591498,0.256655721,497.26
15100,101378,143229,HomeImp,ProfExe,12,0,0,129.5373152,4,21,36.77621277,0.173465527,515.21
17300,91132,110440,DebtCon,ProfExe,10,0,0,147.5533245,2,19,36.42721874,0.145104461,522.87
4900,65576,65774,HomeImp,Other,6,1,2,61.64250608,1,14,40.59091002,0.48493847,461.08
19500,48835,72566,DebtCon,ProfExe,9,0,0,191.2753966,1,42,39.61242564,0.114114393,532.82
24200,104005,158224,DebtCon,Mgr,14,0,0,175.6220829,0,25,33.99242445,0.102286264,537.24
22400,71051,102374,HomeImp,Office,14,0,0,137.1896556,0,14,36.12206849,0.119078289,531.08
16600,71564,84627,DebtCon,Office,5,0,0,114.6401329,1,20,22.32314261,0.144847091,522.94
9000,50513,61190,DebtCon,Other,5,0,0,75.38855124,1,11,30.49800512,0.168915845,516.37
23500,55731,89079,DebtCon,Mgr,4,0,0,273.6743799,1,25,33.50940904,0.099321311,538.42
15900,95120,114674,DebtCon,Office,4,0,1,278.8920593,0,34,28.23229678,0.139233714,524.61
15800,61073,90897,DebtCon,ProfExe,8,0,0,208.5007559,0,20,23.03574584,0.111926187,533.61
9100,47756,84022,HomeImp,Other,18,0,0,206.797361,1,17,32.39114639,0.11347738,533.05
31800,125864,175163,DebtCon,Mgr,12,0,0,174.209344,2,28,40.5848115,0.118093372,531.42
8500,49266,64461,DebtCon,Other,22,0,0,264.4080231,3,29,37.97675792,0.10822932,534.97
15100,96763,114896,HomeImp,Office,2,0,0,144.52965,0,21,36.37170403,0.129595776,527.6
18300,31427,60249,DebtCon,Other,16,0,0,110.5522774,0,18,40.00125599,0.126100519,528.73
17900,72501,94488,DebtCon,Office,1,0,0,162.3895619,3,19,29.96118901,0.159013171,518.98
20600,91183,138268,DebtCon,Other,12,0,0,113.1666358,3,15,41.20785574,0.163536047,517.77
8800,33395,51057,DebtCon,Office,2,0,0,80.82247969,1,20,16.88303101,0.164230244,517.59
17400,43110,73614,DebtCon,Mgr,1,0,0,114.2891824,1,8,26.37910802,0.154435389,520.23
16900,68940,88264,DebtCon,Office,0,0,0,166.1062815,0,25,24.95531142,0.12374879,529.5
13100,70878,86743,DebtCon,ProfExe,10,0,0,174.8817439,0,11,39.78440826,0.122322535,529.98
17600,48487,65665,DebtCon,Other,6,0,0,100.1740038,2,15,43.76968491,0.165617524,517.22
12500,57294,66615,DebtCon,Other,3,0,1,321.3875868,0,9,31.38089909,0.145025689,522.89
30800,29226,44735,DebtCon,Other,1,0,0,66.24471976,0,7,13.78396544,0.157405345,519.41
37200,205922,267238,DebtCon,ProfExe,2,1,0,238.2114799,0,32,31.62284354,0.155885811,519.83
36300,25867,43823,DebtCon,Mgr,6,0,0,56.12733917,0,6,33.67673955,0.146499095,522.47
65200,63338,148871,HomeImp,Office,11,0,0,124.2430768,0,12,41.44401078,0.111937614,533.6
17100,48471,71546,DebtCon,ProfExe,5,0,1,254.0957007,3,32,29.81874354,0.191064131,510.95
21700,88313,139567,DebtCon,Other,11,0,0,89.83955821,3,14,39.09887429,0.17301534,515.33
12700,30428,47387,DebtCon,ProfExe,2,0,0,164.4900213,0,36,38.8741586,0.124197859,529.35
7300,60973,79443,HomeImp,Other,14,0,0,239.6202977,1,36,36.72713636,0.102572943,537.13
6300,99469,116260,HomeImp,Office,23,0,0,124.7455955,1,12,35.64227011,0.128231652,528.03
4400,53091,64074,DebtCon,Office,14,1,3,89.86105825,0,17,39.15808483,0.537744676,453.45
17600,76043,95605,DebtCon,Other,3,2,1,85.04333493,6,30,47.84029512,0.576915357,447.72
19200,96401,115545,DebtCon,ProfExe,7,0,0,128.7145138,1,20,22.18728999,0.141821208,523.83
17800,137169,182280,DebtCon,Mgr,12,0,0,241.3753071,0,21,28.84644812,0.092911529,541.09
13800,94843,125541,HomeImp,Mgr,2,0,2,159.2524968,0,26,42.30523974,0.268213168,495.1
18900,82537,117610,DebtCon,Mgr,16,0,0,233.8485347,5,30,39.06489297,0.132607399,526.64
15900,52012,105877,HomeImp,Other,0,0,2,50.53156169,1,10,40.39225654,0.373112362,477.62
15100,73505,109656,DebtCon,Other,5,0,0,81.96415129,2,13,36.46121054,0.175502422,514.7
7800,55394,63567,DebtCon,Other,23,0,0,262.0143577,2,29,38.98393849,0.099323796,538.42
20300,63803,89079,DebtCon,ProfExe,21,0,4,323.8085733,4,28,45.8759169,0.443265392,467.12
26700,129559,170042,DebtCon,Mgr,1,0,0,232.6461734,1,24,34.11753289,0.109466421,534.51
24900,89530,146815,DebtCon,ProfExe,19,1,0,164.7703104,1,25,39.34585859,0.181885672,513.14
21200,84117,118884,DebtCon,Other,9,0,0,302.2069005,2,16,36.19052426,0.104118853,536.53
21800,48139,80114,DebtCon,Other,13,0,0,111.9986308,1,9,4.142703972,0.142275446,523.7
27700,73148,101462,DebtCon,ProfExe,10,0,0,264.6053894,0,33,40.47579335,0.089190034,542.71
15300,82439,99896,DebtCon,ProfExe,1,0,0,281.2003291,1,21,39.4088714,0.109965749,534.32
9500,115186,131800,DebtCon,Self,7,0,0,177.0500361,0,19,33.43055804,0.126759665,528.51
18700,69954,104510,DebtCon,Office,10,0,0,211.2433112,2,13,33.54985877,0.125388997,528.96
25400,82553,107422,DebtCon,Mgr,9,1,0,305.7597054,2,29,32.72167844,0.150039488,521.45
24600,113034,165176,DebtCon,Mgr,15,0,0,194.842164,0,26,32.77014793,0.096552235,539.56
28500,43413,73248,DebtCon,Mgr,13,0,0,102.5670171,6,16,35.67150508,0.195734411,509.87
21700,93868,147228,DebtCon,ProfExe,22,0,0,153.6845963,0,25,39.53395424,0.106464996,535.63
9800,47126,57365,DebtCon,Other,0,0,1,91.14121871,0,19,38.6576403,0.227982825,502.9
35800,207312,271738,DebtCon,ProfExe,4,0,0,228.8020074,0,32,32.68199935,0.097973054,538.97
10100,57881,69554,HomeImp,Other,29,0,3,189.9245224,1,24,34.61045543,0.328902651,484.63
13100,48153,70059,DebtCon,Other,11,0,0,242.6505336,0,18,30.89311822,0.100938453,537.78
20900,71972,101745,DebtCon,Mgr,6,0,0,67.32456202,6,23,38.51325618,0.22046651,504.45
33500,49292,104421,DebtCon,Office,1,0,0,161.8332356,1,25,36.89609946,0.128494145,527.95
10400,37233,52320,DebtCon,Other,15,0,0,88.67732863,0,11,31.05643679,0.139317422,524.58
24400,237543,261393,HomeImp,Self,3,1,0,254.517448,2,50,37.90658567,0.175211863,514.78
19900,170947,222227,DebtCon,Office,13,0,0,220.0164639,1,31,42.23579636,0.101707594,537.47
22300,93305,143672,DebtCon,ProfExe,21,0,0,176.4166175,0,25,40.47109214,0.102096525,537.32
22100,132417,170643,DebtCon,ProfExe,4,0,0,180.0368768,0,37,21.23609046,0.112573603,533.37
12500,69117,101503,HomeImp,ProfExe,13,0,7,145.9530178,0,36,36.75998466,0.797883352,409.38
18900,87657,117577,DebtCon,ProfExe,9,0,0,142.466495,2,19,39.96618165,0.147570961,522.16
25200,94712,127247,DebtCon,Office,8,0,0,166.82201,0,30,39.02592642,0.109693242,534.42
25500,73083,126995,DebtCon,Office,1,0,0,289.2008986,1,24,37.31620765,0.100482751,537.96
9500,131394,162449,HomeImp,ProfExe,10,0,0,222.0095049,0,18,19.55124299,0.108871363,534.73
25500,143881,178914,DebtCon,ProfExe,7,0,0,323.0225718,0,35,37.57582198,0.079777979,547.1
6700,29662,36195,HomeImp,Office,1,0,0,112.1370807,1,30,38.52863281,0.15179181,520.96
13300,96201,124892,HomeImp,Mgr,3,0,3,178.0344633,0,26,40.10275183,0.360532587,479.57
15000,46867,67529,DebtCon,Other,7,0,0,133.787581,3,48,31.48646083,0.149494863,521.61
6200,60354,87596,HomeImp,ProfExe,5,0,0,210.1730647,2,23,34.05481124,0.13763474,525.09
8300,35343,51986,DebtCon,Other,10,0,0,242.818967,1,31,37.96660602,0.107232925,535.34
20500,67852,97944,HomeImp,Office,14,0,0,141.0053448,0,14,36.6093894,0.118871804,531.15
13000,110094,145807,DebtCon,ProfExe,2,0,0,285.2759347,0,45,35.04547106,0.091814512,541.56
16100,59734,93756,DebtCon,Office,31,0,0,210.1589374,0,21,32.59621957,0.086299494,544.01
10100,47426,68820,DebtCon,Other,16,0,4,220.7609123,0,36,24.01951269,0.423652757,470
6500,33639,37345,HomeImp,ProfExe,11,0,0,191.0756559,0,13,24.22731934,0.11983133,530.82
20200,45088,65211,DebtCon,Office,10,0,2,118.5696695,1,22,43.45451215,0.292970063,490.68
31800,226152,283022,DebtCon,ProfExe,4,0,1,209.2973763,0,29,15.73414368,0.158770019,519.04
16100,61712,82649,DebtCon,Other,12,0,0,94.6451236,0,9,27.5488312,0.139400521,524.56
10600,47701,66500,DebtCon,Other,10,0,0,103.0142897,0,23,37.3100061,0.135444756,525.76
23800,101536,147601,HomeImp,ProfExe,10,0,0,161.2557418,1,23,32.71942124,0.126998991,528.43
9400,122412,178547,DebtCon,Other,7,0,0,226.0888071,0,19,35.46338698,0.108685816,534.8
21800,133812,166893,DebtCon,ProfExe,6,0,0,169.7671445,0,37,20.05952718,0.11293627,533.24
11500,61264,75647,DebtCon,Office,11,0,0,262.8901879,3,36,39.5478827,0.113624493,532.99
16800,23670,41879,DebtCon,Mgr,17,1,0,106.3985698,0,17,26.69671626,0.192739024,510.56
27900,73630,106757,DebtCon,ProfExe,11,0,0,282.7596984,1,32,38.26657321,0.09260805,541.22
8100,28523,39816,DebtCon,Other,5,0,0,130.6439333,0,16,37.39352642,0.138365428,524.87
15600,68056,103179,HomeImp,ProfExe,7,0,0,263.3894092,1,12,37.1830778,0.112677716,533.33
18900,55238,112776,DebtCon,ProfExe,16,0,0,251.5493924,0,19,25.7694999,0.094737197,540.31
16800,58193,82942,DebtCon,Other,1,0,0,320.0630097,3,16,42.84596286,0.118937408,531.13
7200,15637,39660,HomeImp,Self,6,0,1,354.2397634,3,42,33.62413345,0.162028077,518.17
18800,66562,90325,DebtCon,Other,0,1,1,112.9032622,2,25,33.16227148,0.352271998,480.87
42600,22446,66485,DebtCon,Other,17,0,0,204.2036332,0,30,41.15627594,0.091090339,541.87
8700,46489,63573,DebtCon,Mgr,4,0,0,196.24907,1,21,28.78792285,0.124333777,529.31
13700,59530,81068,DebtCon,Other,0,0,0,108.0191417,3,10,37.84664809,0.189983097,511.21
12200,45095,64736,DebtCon,Other,9,0,0,249.6737711,0,18,31.63530262,0.101594514,537.52
16000,65901,85627,DebtCon,Office,5,0,0,117.3570325,0,20,21.44534142,0.13372539,526.29
16800,46312,67166,HomeImp,Other,27,0,0,241.5083839,0,14,26.22071743,0.08775331,543.35
12800,77318,97616,DebtCon,Mgr,6,0,0,125.5348018,2,27,39.46266339,0.1472326,522.25
8800,56963,70607,HomeImp,Other,4,0,0,99.76441458,3,19,40.34526073,0.184505388,512.5
18800,110098,120662,DebtCon,Other,0,0,0,122.1698211,1,21,39.32231541,0.149227092,521.69
28200,76011,129352,DebtCon,Office,1,0,0,302.8032607,0,23,36.39047361,0.089333698,542.64
15700,40314,60640,HomeImp,Other,25,0,0,255.5274603,0,13,22.54068012,0.087443362,543.49
18400,63569,95729,HomeImp,ProfExe,23,0,0,237.2759487,0,23,38.41536702,0.090190588,542.27
9600,45158,55455,DebtCon,Other,15,0,0,82.71313688,0,12,30.931518,0.140586747,524.2
17400,44479,78121,DebtCon,Mgr,1,0,0,117.3235888,0,9,27.13398944,0.141595745,523.9
18600,84874,115759,DebtCon,ProfExe,9,0,0,146.0698108,3,18,39.83431993,0.159013115,518.98
42400,220757,297444,DebtCon,ProfExe,30,0,0,237.5898022,1,25,44.47109904,0.082069437,545.99
11000,83639,98081,DebtCon,Other,10,0,0,155.3712203,4,22,42.53968571,0.165113845,517.36
10600,66590,77465,HomeImp,Other,1,1,0,110.7716232,0,6,39.73578526,0.236253626,501.22
8600,57727,70828,HomeImp,Other,5,0,0,87.84531097,3,19,41.75352499,0.187329168,511.83
27400,46575,85263,DebtCon,Office,1,0,0,155.6470412,2,19,39.4893172,0.1460836,522.59
11000,85758,108661,HomeImp,Mgr,11,0,0,255.2874154,0,24,29.43486714,0.092925719,541.08
12800,75139,105289,HomeImp,ProfExe,8,0,0,151.8511659,0,35,31.21070474,0.121072218,530.4
29800,134560,187551,DebtCon,ProfExe,1,0,0,225.0922987,1,19,39.21193749,0.118842188,531.16
22200,138121,180144,DebtCon,ProfExe,22,0,0,240.703069,1,24,40.62189416,0.095016288,540.19
12100,105104,144712,HomeImp,ProfExe,13,0,0,129.5188081,5,22,37.41377466,0.186172961,512.11
13600,81620,101933,DebtCon,Other,1,0,0,148.0672908,0,22,41.61289898,0.132193946,526.77
5100,129319,141875,HomeImp,Sales,7,1,0,157.8598021,0,36,25.65074122,0.194970945,510.05
26800,139309,166621,DebtCon,Other,5,0,0,217.2114826,0,20,35.18585706,0.105464136,536.01
38200,147457,210065,HomeImp,ProfExe,3,0,0,148.7331849,0,31,35.89492543,0.118622979,531.24
15400,100848,129454,HomeImp,ProfExe,10,0,0,174.8965193,2,31,28.06559087,0.132965978,526.53
8000,70546,81272,DebtCon,Sales,4,0,0,119.066922,0,31,33.3615863,0.139875598,524.41
28200,61038,87534,DebtCon,Other,8,0,0,137.4878193,3,30,39.3600186,0.150009423,521.46
14300,70322,88626,DebtCon,Other,3,0,0,244.8398642,2,26,32.64754112,0.12250931,529.92
35400,90295,139602,DebtCon,Other,12,0,0,62.80681071,0,35,40.22961403,0.128225113,528.04
14500,52440,62150,DebtCon,Other,4,0,0,174.6769004,0,13,27.19172091,0.125641267,528.88
21700,45640,67023,DebtCon,Other,25,0,0,293.7620767,1,32,34.28537258,0.079481727,547.25
16900,67111,96985,HomeImp,ProfExe,21,0,0,233.7843986,1,23,37.32471132,0.100914161,537.79
34300,146171,196270,DebtCon,ProfExe,19,0,0,195.555801,1,21,37.94959341,0.104720475,536.3
17000,10866,171952,HomeImp,Mgr,24,0,0,79.9919755,2,21,29.84695874,0.144767922,522.97
11100,79226,88112,DebtCon,ProfExe,10,0,1,179.6482736,1,12,40.67090473,0.196841578,509.62
12000,76345,89036,HomeImp,Other,8,0,0,91.97034976,1,19,50.17306503,0.153643616,520.45
14600,21340,44605,DebtCon,Office,13,0,0,126.7304283,0,5,36.46319167,0.130232985,527.39
22900,95321,123082,DebtCon,Self,3,0,0,205.4415191,2,26,34.05349114,0.136561837,525.42
32300,133193,174905,DebtCon,Mgr,13,0,0,177.0516476,1,28,39.4756896,0.106823659,535.5
12400,115902,146813,DebtCon,ProfExe,1,0,0,288.4676266,0,45,33.05428433,0.092036755,541.46
21100,61427,83722,DebtCon,Other,19,0,0,220.5535336,0,21,32.72762776,0.094507283,540.41
7700,32243,36369,HomeImp,ProfExe,12,0,0,180.4157867,0,13,21.72081838,0.121025555,530.42
19500,98718,122659,HomeImp,Mgr,0,0,1,324.2570838,0,20,42.54602091,0.134500744,526.05
14600,16535,46993,HomeImp,Office,24,0,0,260.8915332,0,20,28.1898371,0.084222622,544.97
9400,109991,125146,DebtCon,Self,7,0,1,171.6798111,0,18,34.81346859,0.19355583,510.37
11500,104610,118861,DebtCon,Other,18,0,1,203.7002024,1,16,37.59695145,0.169489876,516.22
8200,68013,77008,DebtCon,ProfExe,8,0,0,49.1469223,1,23,40.7925897,0.169504666,516.22
21200,62067,104579,HomeImp,Office,13,0,0,143.3645296,0,14,36.1076674,0.119498388,530.94
15800,51163,157644,DebtCon,ProfExe,19,0,0,239.2247894,0,28,20.74752052,0.093434308,540.86
10700,50210,64838,HomeImp,Other,9,0,0,95.03916828,2,34,40.39623344,0.156733549,519.6
21500,141688,184241,HomeImp,Mgr,8,0,0,311.4261279,0,16,44.59015523,0.083597402,545.26
